{
    "02": {
        "0": 0.015473104203565428,
        "1": -0.07600722253747523,
        "2": -0.05518395976561201,
        "3": -0.04367173376673231
    },
    "03": {
        "0": 0.011011979462182141,
        "1": 0.014565425599936394,
        "2": -0.025221418367585027,
        "3": -0.03506624791742004
    },
    "04": {
        "0": -0.016435099438934675,
        "1": 0.044867700351025025,
        "2": -0.03727385570634607,
        "3": 0.010872739799659541
    },
    "05": {
        "0": 0.01626228221675485,
        "1": -0.044092888005651455,
        "2": -0.03753105727721307,
        "3": -0.04185612484008385
    },
    "06": {
        "0": -0.01258349930275785,
        "1": 0.014019465508324187,
        "2": -0.00890146779336585,
        "3": 0.01335341168651707
    },
    "07": {
        "0": 0.036181439993867213,
        "1": 0.012216022318160118,
        "2": 0.014171472962381025,
        "3": 0.012867386607272177
    },
    "08": {
        "0": 0.10025949814497034,
        "1": 0.11313208703830469,
        "2": 0.11145275575807476,
        "3": 0.12297373593296265
    },
    "09": {
        "0": 0.013871887977064694,
        "1": 0.035698858066004986,
        "2": 0.011489664949632133,
        "3": 0.035592268003024126
    },
    "10": {
        "0": 0.07616798276714476,
        "1": 0.06970357260327803,
        "2": 0.06733796720656965,
        "3": 0.08171398912347634
    },
    "11": {
        "0": 0.054632720121418024,
        "1": 0.018776561921925117,
        "2": 0.014385474640002317,
        "3": 0.014599749405680365
    },
    "12": {
        "0": 0.1439180375159988,
        "1": 0.14596525680985312,
        "2": 0.42084196847096067,
        "3": 0.11544875007189412
    },
    "13": {
        "0": 0.27309486232255276,
        "1": 0.19053144107065584,
        "2": 0.24280130950343326,
        "3": 0.19752031807434237
    },
    "14": {
        "0": -0.12407876831636683,
        "1": -0.0100771770106,
        "2": -0.11479707039115244,
        "3": -0.0011639649961367165
    },
    "15": {
        "0": 0.07649119096706392,
        "1": 0.08428727120773531,
        "2": 0.07279965866483731,
        "3": 0.07165126903412784
    },
    "16": {
        "0": 0.13932698855572168,
        "1": 0.18466708877531224,
        "2": 0.20036085874647447,
        "3": 0.13433471057371932
    },
    "17": {
        "0": 0.1333143324499825,
        "1": 0.1559255808243269,
        "2": 0.21536129813269353,
        "3": 0.1402186909121649
    },
    "18": {
        "0": 0.05877681299924995,
        "1": 0.16331672078029646,
        "2": 0.2287930024330928,
        "3": 0.02142399342764624
    },
    "19": {
        "0": -0.23255781472555567,
        "1": -0.19713496464915697,
        "2": -0.19421870649785478,
        "3": -0.21794575186307905
    },
    "20": {
        "0": -0.0697303795414912,
        "1": -0.04526741174546522,
        "2": -0.02339462052757306,
        "3": -0.06702008636493256
    },
    "21": {
        "0": -0.1586838507440512,
        "1": -0.1639376079803439,
        "2": -0.15053081104048677,
        "3": -0.13675909780084508
    },
    "22": {
        "0": 0.01173158173323445,
        "1": -0.0349852739987632,
        "2": -0.012933919860703746,
        "3": 0.002832735436503541
    },
    "23": {
        "0": 0.05890019743706181,
        "1": 0.0492098896518568,
        "2": 0.10405281144200305,
        "3": 0.07371107936535398
    },
    "24": {
        "0": 0.06999380780301152,
        "1": 0.04440061799223747,
        "2": 0.12040540771759423,
        "3": 0.04436237186956022
    },
    "25": {
        "0": -0.07348666164210495,
        "1": -0.09278334240309792,
        "2": -0.08089218746944386,
        "3": -0.059715122526778394
    },
    "26": {
        "0": -0.19799362308029797,
        "1": -0.15996603679140015,
        "2": -0.14371094612490254,
        "3": -0.18203608432610371
    },
    "27": {
        "0": 0.04897956380337848,
        "1": 0.059665062248434174,
        "2": 0.042269718185415465,
        "3": 0.10321940740209065
    },
    "28": {
        "0": 0.0526463603922696,
        "1": 0.08492905680955735,
        "2": 0.10029031086375564,
        "3": 0.023524860117001715
    },
    "29": {
        "0": -0.011953881124226275,
        "1": -0.021723456044171998,
        "2": -0.020449577895082414,
        "3": -0.028634305590797684
    },
    "30": {
        "0": -0.010167490568334565,
        "1": -0.028037917935836282,
        "2": -0.019702813161613462,
        "3": -0.028469309305648897
    },
    "31": {
        "0": 0.024925492275084112,
        "1": 0.04447714324069056,
        "2": 0.04141933488837802,
        "3": 0.01620117940896475
    },
    "32": {
        "0": -0.02411088833852935,
        "1": 0.013750139607927337,
        "2": 0.03607303212363872,
        "3": 0.035492042174966196
    },
    "33": {
        "0": 0.03474600361033442,
        "1": 0.022236473852730514,
        "2": 0.035846181087028646,
        "3": 0.02883303738379539
    },
    "34": {
        "0": -0.00237213666054467,
        "1": 0.0005634496554812031,
        "2": -0.031388499287038775,
        "3": 0.005182201662266484
    },
    "35": {
        "0": 0.014671186109907948,
        "1": 0.030878657216001932,
        "2": 0.029789872641372214,
        "3": 0.007774246473265642
    }
}