{
    "02": {
        "0": 0.1524022119087107,
        "1": 0.07982168860578259,
        "2": 0.03592398302604417,
        "3": 0.103015088150693
    },
    "03": {
        "0": 0.09786880729436638,
        "1": 0.1019049969472449,
        "2": 0.07635328262045087,
        "3": 0.05941445296863983
    },
    "04": {
        "0": 0.11428228378295989,
        "1": 0.12873800735006485,
        "2": 0.08268180312007245,
        "3": 0.09903907505095103
    },
    "05": {
        "0": 0.05676051686241184,
        "1": 0.06435036116156544,
        "2": 0.05561632364463543,
        "3": 0.0678313347725833
    },
    "06": {
        "0": 0.04214387566514081,
        "1": 0.050209927498872556,
        "2": 0.049133235539923936,
        "3": 0.05971630148572786
    },
    "07": {
        "0": 0.060815898168188796,
        "1": 0.042646367159144716,
        "2": 0.0420753514889133,
        "3": 0.0226665515052825
    },
    "08": {
        "0": 0.07117661206326101,
        "1": 0.08575880765491811,
        "2": 0.07700470899056043,
        "3": 0.06992130772294185
    },
    "09": {
        "0": 0.0873258705134054,
        "1": 0.08085878172909344,
        "2": 0.06491763096427408,
        "3": 0.05257204210073214
    },
    "10": {
        "0": 0.11044625251457177,
        "1": 0.05714671831660354,
        "2": 0.08428575430513906,
        "3": 0.08144331672768354
    },
    "11": {
        "0": 0.10234029331869189,
        "1": 0.0727683454165736,
        "2": 0.04996967889383719,
        "3": 0.05688218239973595
    },
    "12": {
        "0": 0.12732115930256416,
        "1": 0.15410625411736312,
        "2": 0.21906447861001604,
        "3": 0.1380044881422704
    },
    "13": {
        "0": 0.1773095577663814,
        "1": 0.19203774336307866,
        "2": 0.23368426781210827,
        "3": 0.08697871094069391
    },
    "14": {
        "0": 0.07724277377213924,
        "1": 0.10409015786219299,
        "2": 0.10663844592453137,
        "3": 0.1282432188446558
    },
    "15": {
        "0": 0.09436630009530378,
        "1": 0.07210742804438863,
        "2": 0.07061893539671828,
        "3": 0.09799457380001564
    },
    "16": {
        "0": 0.08267532952637374,
        "1": 0.1646735979368864,
        "2": 0.10307973779789471,
        "3": 0.0856121354932155
    },
    "17": {
        "0": 0.08418717237178379,
        "1": 0.12731616697113476,
        "2": 0.18697483118321065,
        "3": 0.1431024469640483
    },
    "18": {
        "0": 0.14735637640311608,
        "1": 0.20659718850894893,
        "2": 0.16373236076939204,
        "3": 0.12072007554008332
    },
    "19": {
        "0": 0.16691524387039963,
        "1": 0.12659589510179717,
        "2": 0.14120604985766996,
        "3": 0.16974963064844015
    },
    "20": {
        "0": 0.08503409217727635,
        "1": 0.12394684553184629,
        "2": 0.11583961398391386,
        "3": 0.07783033975255435
    },
    "21": {
        "0": 0.09545184365417621,
        "1": 0.09569354842564534,
        "2": 0.11825409866704706,
        "3": 0.06472430052464997
    },
    "22": {
        "0": 0.08355274030516535,
        "1": 0.065318339125616,
        "2": 0.0542690689778544,
        "3": 0.11769737883249427
    },
    "23": {
        "0": 0.058190618802147896,
        "1": 0.06708140979195346,
        "2": 0.08460917888563543,
        "3": 0.07067616468147014
    },
    "24": {
        "0": 0.10988857978245793,
        "1": 0.07041693568301532,
        "2": 0.11276981628759097,
        "3": 0.0732725022809369
    },
    "25": {
        "0": 0.059775678391799245,
        "1": 0.05791221711696202,
        "2": 0.07256654802050454,
        "3": 0.11015240685271899
    },
    "26": {
        "0": 0.09570808386221506,
        "1": 0.11332311889428223,
        "2": 0.08459577705867224,
        "3": 0.06109543211246845
    },
    "27": {
        "0": 0.06787022042266155,
        "1": 0.06531443771976167,
        "2": 0.08105940204175786,
        "3": 0.1036535681550598
    },
    "28": {
        "0": 0.07247608059512943,
        "1": 0.06230990423555712,
        "2": 0.0486164717059189,
        "3": 0.06574834756771486
    },
    "29": {
        "0": 0.05258363082391638,
        "1": 0.05211426952880921,
        "2": 0.0446197485429878,
        "3": 0.058859880647046274
    },
    "30": {
        "0": 0.04230858315246154,
        "1": 0.06398197530075184,
        "2": 0.04818299244286371,
        "3": 0.08845662211522838
    },
    "31": {
        "0": 0.04283343109109564,
        "1": 0.07908029688000613,
        "2": 0.04826145959089576,
        "3": 0.037155805250801456
    },
    "32": {
        "0": 0.05807919857402309,
        "1": 0.06496885458845982,
        "2": 0.057326983125709725,
        "3": 0.06321132198573401
    },
    "33": {
        "0": 0.043727262203276065,
        "1": 0.04253326035299009,
        "2": 0.04670674638383987,
        "3": 0.06765335667217266
    },
    "34": {
        "0": 0.04194392931818137,
        "1": 0.03935791827362426,
        "2": 0.02318863302071958,
        "3": 0.03665829707665721
    },
    "35": {
        "0": 0.04494756971801499,
        "1": 0.048037555829650386,
        "2": 0.050366745651530063,
        "3": 0.06384624045359912
    }
}