{
    "01": {
        "0": 1.1821459459459458,
        "1": 1.1483904761904762,
        "2": 1.2445,
        "3": 1.356206896551724
    },
    "02": {
        "0": 1.1816368421052632,
        "1": 1.1987677419354839,
        "2": 1.4055178571428573,
        "3": 1.1129227272727271
    },
    "03": {
        "0": 1.1323375000000002,
        "1": 1.2063366666666666,
        "2": 1.2766342857142856,
        "3": 1.3771565217391304
    },
    "04": {
        "0": 1.0996515151515154,
        "1": 1.2372281250000001,
        "2": 1.331938461538462,
        "3": 1.309293333333333
    },
    "05": {
        "0": 1.3551484848484847,
        "1": 1.1351029411764706,
        "2": 1.3390791666666664,
        "3": 1.1493733333333336
    },
    "06": {
        "0": 1.2549222222222223,
        "1": 1.1849107142857143,
        "2": 1.3008560975609758,
        "3": 1.174896
    },
    "07": {
        "0": 1.2948000000000002,
        "1": 1.2906023809523812,
        "2": 1.2090031250000002,
        "3": 1.0648434782608696
    },
    "08": {
        "0": 1.4533639999999999,
        "1": 1.0099764705882353,
        "2": 1.135621875,
        "3": 1.363643333333333
    },
    "09": {
        "0": 1.0797588235294118,
        "1": 1.2344913043478258,
        "2": 1.4267083333333332,
        "3": 1.1222285714285714
    },
    "10": {
        "0": 1.0601317073170733,
        "1": 1.2688,
        "2": 1.26660303030303,
        "3": 1.459270588235294
    },
    "11": {
        "0": 1.106403125,
        "1": 1.4461828571428574,
        "2": 1.0835914285714288,
        "3": 1.3191249999999999
    },
    "12": {
        "0": 1.1269294117647057,
        "1": 1.2942964285714285,
        "2": 1.5835350000000001,
        "3": 0.87931
    },
    "13": {
        "0": 1.2239666666666664,
        "1": 1.2022574999999998,
        "2": 1.038867741935484,
        "3": 1.1649
    },
    "14": {
        "0": 1.3334088235294117,
        "1": 1.062238095238095,
        "2": 1.4007264705882356,
        "3": 0.8169454545454544
    },
    "15": {
        "0": 1.2815771428571427,
        "1": 1.2003153846153847,
        "2": 1.2183378378378373,
        "3": 1.0157756756756757
    },
    "16": {
        "0": 1.1840487804878048,
        "1": 1.319696551724138,
        "2": 0.954129411764706,
        "3": 0.9482166666666666
    },
    "17": {
        "0": 0.9248428571428571,
        "1": 0.967911627906977,
        "2": 1.4637235294117645,
        "3": 1.0319956521739129
    },
    "18": {
        "0": 1.0326525,
        "1": 0.8696521739130433,
        "2": 1.015204347826087,
        "3": 1.278222222222222
    },
    "19": {
        "0": 0.948582051282051,
        "1": 1.300748387096774,
        "2": 1.106155172413793,
        "3": 0.9645521739130433
    },
    "20": {
        "0": 1.0195470588235294,
        "1": 1.0023564102564104,
        "2": 1.1609555555555555,
        "3": 1.1935
    },
    "21": {
        "0": 1.0959475,
        "1": 1.0805068965517244,
        "2": 1.100178947368421,
        "3": 1.0400764705882353
    },
    "22": {
        "0": 1.009706,
        "1": 0.8688761904761904,
        "2": 1.13096,
        "3": 1.3042354838709678
    },
    "23": {
        "0": 1.110237142857143,
        "1": 1.1953405405405406,
        "2": 0.9819285714285712,
        "3": 0.9605090909090908
    },
    "24": {
        "0": 1.0818325000000002,
        "1": 1.0006757575757577,
        "2": 1.293766666666667,
        "3": 0.9398727272727272
    },
    "25": {
        "0": 1.0097514285714286,
        "1": 1.0304897435897433,
        "2": 1.2113785714285714,
        "3": 1.02329
    },
    "26": {
        "0": 0.9674281249999998,
        "1": 1.1323843750000002,
        "2": 0.9679724137931036,
        "3": 1.1809655172413795
    },
    "27": {
        "0": 1.1351840000000002,
        "1": 1.1039024999999998,
        "2": 1.1155866666666667,
        "3": 0.9565880952380948
    },
    "28": {
        "0": 0.9931612903225807,
        "1": 1.1241947368421057,
        "2": 1.2516440000000002,
        "3": 0.8785714285714288
    },
    "29": {
        "0": 0.9329799999999999,
        "1": 1.0404354838709677,
        "2": 1.05520625,
        "3": 1.1767617647058821
    },
    "30": {
        "0": 1.1820093750000003,
        "1": 1.0416434782608697,
        "2": 1.0430121212121213,
        "3": 0.9752588235294117
    },
    "31": {
        "0": 0.9526419354838711,
        "1": 1.0097650000000002,
        "2": 1.1656035714285715,
        "3": 1.1534260869565218
    },
    "32": {
        "0": 1.0635107142857145,
        "1": 1.0860263157894738,
        "2": 1.048034375,
        "3": 1.0164708333333332
    },
    "33": {
        "0": 1.058790909090909,
        "1": 1.0996342857142856,
        "2": 0.9928870967741936,
        "3": 1.0627304347826088
    },
    "34": {
        "0": 1.0553241379310345,
        "1": 1.1053361111111109,
        "2": 1.171909090909091,
        "3": 0.9266914285714283
    },
    "35": {
        "0": 1.0444105263157895,
        "1": 1.0674454545454546,
        "2": 1.0985516129032262,
        "3": 0.9262350000000001
    }
}