{
    "02": {
        "0": 0.02631578947368421,
        "1": 0.47619047619047616,
        "2": -0.12121212121212122,
        "3": -0.23333333333333334
    },
    "03": {
        "0": -0.15384615384615385,
        "1": 0.0,
        "2": 0.20689655172413793,
        "3": 0.0
    },
    "04": {
        "0": 0.0,
        "1": 0.03225806451612903,
        "2": -0.22857142857142856,
        "3": 0.30434782608695654
    },
    "05": {
        "0": 0.0,
        "1": 0.0625,
        "2": -0.07407407407407407,
        "3": 0.0
    },
    "06": {
        "0": -0.18181818181818182,
        "1": -0.14705882352941177,
        "2": 0.64,
        "3": -0.16666666666666666
    },
    "07": {
        "0": -0.1111111111111111,
        "1": 0.4482758620689655,
        "2": -0.1951219512195122,
        "3": -0.08
    },
    "08": {
        "0": 0.08333333333333333,
        "1": -0.19047619047619047,
        "2": -0.030303030303030304,
        "3": 0.30434782608695654
    },
    "09": {
        "0": 0.3076923076923077,
        "1": -0.3235294117647059,
        "2": 0.15625,
        "3": -0.06666666666666667
    },
    "10": {
        "0": 0.20588235294117646,
        "1": 0.34782608695652173,
        "2": -0.10810810810810811,
        "3": -0.39285714285714285
    },
    "11": {
        "0": -0.21951219512195122,
        "1": 0.12903225806451613,
        "2": 0.06060606060606061,
        "3": 0.17647058823529413
    },
    "12": {
        "0": 0.0625,
        "1": -0.2,
        "2": -0.42857142857142855,
        "3": 1.0
    },
    "13": {
        "0": 0.058823529411764705,
        "1": 0.42857142857142855,
        "2": 0.55,
        "3": -0.625
    },
    "14": {
        "0": -0.05555555555555555,
        "1": -0.475,
        "2": 0.0967741935483871,
        "3": 1.2
    },
    "15": {
        "0": 0.029411764705882353,
        "1": -0.38095238095238093,
        "2": 0.08823529411764706,
        "3": 0.12121212121212122
    },
    "16": {
        "0": 0.17142857142857143,
        "1": 1.2307692307692308,
        "2": -0.08108108108108109,
        "3": -0.5135135135135135
    },
    "17": {
        "0": -0.4878048780487805,
        "1": 0.5172413793103449,
        "2": 0.0,
        "3": 0.2777777777777778
    },
    "18": {
        "0": 0.9047619047619048,
        "1": -0.4772727272727273,
        "2": -0.3235294117647059,
        "3": 0.5652173913043478
    },
    "19": {
        "0": -0.025,
        "1": 0.34782608695652173,
        "2": 0.2608695652173913,
        "3": -0.3611111111111111
    },
    "20": {
        "0": -0.1282051282051282,
        "1": 0.25806451612903225,
        "2": -0.06896551724137931,
        "3": -0.043478260869565216
    },
    "21": {
        "0": 0.17647058823529413,
        "1": -0.2564102564102564,
        "2": -0.2962962962962963,
        "3": 0.5454545454545454
    },
    "22": {
        "0": 0.25,
        "1": -0.27586206896551724,
        "2": 0.05263157894736842,
        "3": -0.08823529411764706
    },
    "23": {
        "0": -0.3,
        "1": 0.7619047619047619,
        "2": 0.4,
        "3": -0.2903225806451613
    },
    "24": {
        "0": 0.14285714285714285,
        "1": -0.10810810810810811,
        "2": -0.03571428571428571,
        "3": 0.0
    },
    "25": {
        "0": -0.125,
        "1": 0.18181818181818182,
        "2": 0.037037037037037035,
        "3": -0.09090909090909091
    },
    "26": {
        "0": -0.08571428571428572,
        "1": -0.1794871794871795,
        "2": 0.03571428571428571,
        "3": 0.45
    },
    "27": {
        "0": -0.21875,
        "1": 0.25,
        "2": -0.4827586206896552,
        "3": 0.4482758620689655
    },
    "28": {
        "0": 0.24,
        "1": -0.05,
        "2": 0.6666666666666666,
        "3": -0.3333333333333333
    },
    "29": {
        "0": -0.1935483870967742,
        "1": -0.18421052631578946,
        "2": 0.28,
        "3": 0.21428571428571427
    },
    "30": {
        "0": 0.28,
        "1": -0.25806451612903225,
        "2": 0.03125,
        "3": 0.0
    },
    "31": {
        "0": -0.03125,
        "1": 0.7391304347826086,
        "2": -0.15151515151515152,
        "3": -0.3235294117647059
    },
    "32": {
        "0": -0.0967741935483871,
        "1": -0.05,
        "2": 0.14285714285714285,
        "3": 0.043478260869565216
    },
    "33": {
        "0": 0.17857142857142858,
        "1": -0.07894736842105263,
        "2": -0.03125,
        "3": -0.041666666666666664
    },
    "34": {
        "0": -0.12121212121212122,
        "1": 0.02857142857142857,
        "2": -0.2903225806451613,
        "3": 0.5217391304347826
    },
    "35": {
        "0": 0.3103448275862069,
        "1": -0.08333333333333333,
        "2": 0.4090909090909091,
        "3": -0.42857142857142855
    }
}