{
    "01": {
        "0": 0.18510423945945947,
        "1": 0.19557254904761906,
        "2": 0.10019354696969697,
        "3": 0.15132527066666665
    },
    "02": {
        "0": 0.21418418717948717,
        "1": 0.1441426938709677,
        "2": 0.1572557875862069,
        "3": 0.15712644347826085
    },
    "03": {
        "0": 0.21242768909090903,
        "1": 0.1738668761290322,
        "2": 0.22737105000000007,
        "3": 0.13920930782608695
    },
    "04": {
        "0": 0.15630160424242426,
        "1": 0.19500361593750004,
        "2": 0.13882742111111113,
        "3": 0.24759526633333329
    },
    "05": {
        "0": 0.18786336484848487,
        "1": 0.10918585764705885,
        "2": 0.15368846280000004,
        "3": 0.10741253933333333
    },
    "06": {
        "0": 0.09918309444444441,
        "1": 0.12658953137931034,
        "2": 0.14159090707317074,
        "3": 0.115752042
    },
    "07": {
        "0": 0.21607589458333332,
        "1": 0.2737460666666667,
        "2": 0.26250654545454544,
        "3": 0.15572677695652173
    },
    "08": {
        "0": 0.3300351273076923,
        "1": 0.2575910258823529,
        "2": 0.2360240831249999,
        "3": 0.24404156033333332
    },
    "09": {
        "0": 0.257630950882353,
        "1": 0.453788815652174,
        "2": 0.29039767459459465,
        "3": 0.38499411607142864
    },
    "10": {
        "0": 0.313676106097561,
        "1": 0.29078051741935484,
        "2": 0.20812529363636367,
        "3": 0.3614455170588235
    },
    "11": {
        "0": 0.4609952725000001,
        "1": 0.5967083885714288,
        "2": 0.39710745057142854,
        "3": 0.42363330450000003
    },
    "12": {
        "0": 0.7025262676470587,
        "1": 0.822705695714286,
        "2": 1.1955350084999998,
        "3": 0.8052140545
    },
    "13": {
        "0": 0.4730108688888888,
        "1": 0.5209129070000001,
        "2": 0.47671282774193535,
        "3": 0.5652468313333333
    },
    "14": {
        "0": 0.22827060441176467,
        "1": 0.3953427547619047,
        "2": 0.2268934779411765,
        "3": 0.2393827936363637
    },
    "15": {
        "0": 0.6157376342857143,
        "1": 0.5777967761538462,
        "2": 0.6486762040540539,
        "3": 0.5188844043243244
    },
    "16": {
        "0": 0.8051739385365856,
        "1": 0.6295676762068966,
        "2": 0.7539040529411766,
        "3": 0.802469343888889
    },
    "17": {
        "0": 0.6474701876190475,
        "1": 0.6062352595348836,
        "2": 0.5980172197058824,
        "3": 0.6805954495652173
    },
    "18": {
        "0": 0.6833373375,
        "1": 0.6618275882608696,
        "2": 0.9107500352173913,
        "3": 0.6019550694444443
    },
    "19": {
        "0": 0.8706783141025641,
        "1": 0.6149405064516129,
        "2": 0.7175639520689656,
        "3": 0.7530268747826088
    },
    "20": {
        "0": 0.3910859255882353,
        "1": 0.7107855043589744,
        "2": 0.3739706333333333,
        "3": 0.45896977
    },
    "21": {
        "0": 0.3492124010000001,
        "1": 0.2659005620689655,
        "2": 0.24260069789473684,
        "3": 0.21812023235294115
    },
    "22": {
        "0": 0.3008271472000001,
        "1": 0.17990240809523805,
        "2": 0.32671494449999994,
        "3": 0.2770815264516128
    },
    "23": {
        "0": 0.342654689142857,
        "1": 0.39603991567567587,
        "2": 0.4646580092857144,
        "3": 0.38471312272727276
    },
    "24": {
        "0": 0.18353481175,
        "1": 0.243558916969697,
        "2": 0.5430033277777777,
        "3": 0.26281842045454545
    },
    "25": {
        "0": 0.2675474785714285,
        "1": 0.21011588256410255,
        "2": 0.2321023375,
        "3": 0.18853541399999998
    },
    "26": {
        "0": 0.17594248093749998,
        "1": 0.12377099218749998,
        "2": 0.17706328034482754,
        "3": 0.16327228827586204
    },
    "27": {
        "0": 0.4259799224,
        "1": 0.21836302600000002,
        "2": 0.2859617153333333,
        "3": 0.26835333523809524
    },
    "28": {
        "0": 0.18545007709677416,
        "1": 0.20158388578947367,
        "2": 0.19886819079999998,
        "3": 0.1881577371428572
    },
    "29": {
        "0": 0.17033713960000005,
        "1": 0.17558977709677423,
        "2": 0.13819563624999998,
        "3": 0.12380055852941171
    },
    "30": {
        "0": 0.1136243803125,
        "1": 0.18210929304347828,
        "2": 0.12606128484848483,
        "3": 0.19193155852941177
    },
    "31": {
        "0": 0.15218946000000003,
        "1": 0.2783056970000001,
        "2": 0.16489770678571428,
        "3": 0.1780305569565217
    },
    "32": {
        "0": 0.17465738785714285,
        "1": 0.2561300871052632,
        "2": 0.13409926375000003,
        "3": 0.17580566166666667
    },
    "33": {
        "0": 0.0842396203030303,
        "1": 0.1118850917142857,
        "2": 0.16056699419354833,
        "3": 0.09558104217391306
    },
    "34": {
        "0": 0.11437685137931035,
        "1": 0.11990796249999998,
        "2": 0.08692831363636364,
        "3": 0.116700544
    },
    "35": {
        "0": 0.20400488394736846,
        "1": 0.2992627896969697,
        "2": 0.18885625741935483,
        "3": 0.2229552915
    }
}